item,itemLabel,date,deaths,country,countryLabel,latitude,longitude,coord
http://www.wikidata.org/entity/Q11737189,Q11737189,2009-02-27T00:00:00Z,,,,52.85,18.3333,Point(18.3333 52.85)
http://www.wikidata.org/entity/Q11737189,Q11737189,2009-02-27T00:00:00Z,,,,52.85,18.3333,Point(18.3333 52.85)
http://www.wikidata.org/entity/Q11737194,Q11737194,1981-03-26T00:00:00Z,,,,54.4658,17.0292,Point(17.0292 54.4658)
http://www.wikidata.org/entity/Q11737194,Q11737194,1981-03-26T00:00:00Z,,,,54.4658,17.0292,Point(17.0292 54.4658)
http://www.wikidata.org/entity/Q11737195,1951 LOT Li-2 Tuszyn air disaster,1951-11-15T00:00:00Z,18,,,51.5803,19.5067,Point(19.5067 51.5803)
http://www.wikidata.org/entity/Q11737197,Q11737197,2004-02-26T00:00:00Z,,,,43.19375,17.911833,Point(17.911833 43.19375)
http://www.wikidata.org/entity/Q11737199,Q11737199,2009-03-31T00:00:00Z,,,,54.5831,18.5092,Point(18.5092 54.5831)
http://www.wikidata.org/entity/Q11737200,Q11737200,1957-05-22T00:00:00Z,,,,41.6025,-81.3447,Point(-81.3447 41.6025)
http://www.wikidata.org/entity/Q11737200,Q11737200,1957-05-22T00:00:00Z,,,,41.6025,-81.3447,Point(-81.3447 41.6025)
http://www.wikidata.org/entity/Q11737201,Q11737201,2009-04-29T00:00:00Z,,,,-4.85,16.9833,Point(16.9833 -4.85)
http://www.wikidata.org/entity/Q11737202,Q11737202,1935-05-18T00:00:00Z,,,,55.75,37.616667,Point(37.616667 55.75)
http://www.wikidata.org/entity/Q11737202,Q11737202,1935-05-18T00:00:00Z,,,,55.75,37.616667,Point(37.616667 55.75)
http://www.wikidata.org/entity/Q11737202,Q11737202,1935-05-18T00:00:00Z,,,,55.75,37.616667,Point(37.616667 55.75)
http://www.wikidata.org/entity/Q11737202,Q11737202,1935-05-18T00:00:00Z,,,,55.75,37.616667,Point(37.616667 55.75)
http://www.wikidata.org/entity/Q11737204,Pe-2 aircraft disaster in Poznań,1952-06-10T00:00:00Z,9,,,52.4,16.93511,Point(16.93511 52.4)
http://www.wikidata.org/entity/Q11737204,Pe-2 aircraft disaster in Poznań,1952-06-10T00:00:00Z,http://www.wikidata.org/.well-known/genid/9a8ad606a7ab674adc5946a2022484c9,,,52.4,16.93511,Point(16.93511 52.4)
http://www.wikidata.org/entity/Q11737207,Q11737207,2006-10-19T00:00:00Z,,,,41.2617,69.3092,Point(69.3092 41.2617)
http://www.wikidata.org/entity/Q11737207,Q11737207,2006-10-19T00:00:00Z,,,,41.2617,69.3092,Point(69.3092 41.2617)
http://www.wikidata.org/entity/Q11737208,Q11737208,1991-01-10T00:00:00Z,,,,49.2114,22.3289,Point(22.3289 49.2114)
http://www.wikidata.org/entity/Q11737208,Q11737208,1991-01-10T00:00:00Z,,,,49.2114,22.3289,Point(22.3289 49.2114)
http://www.wikidata.org/entity/Q11737210,Aeroflot Flight 6551,1973-05-11T00:00:00Z,63,,,50.4333,80.2667,Point(80.2667 50.4333)
http://www.wikidata.org/entity/Q11737212,Aeroflot Flight 8641,1982-06-28T00:00:00Z,132,,,52.05,29.2667,Point(29.2667 52.05)
http://www.wikidata.org/entity/Q11737219,LOT Polish Airlines Flight 232,1957-06-14T00:00:00Z,9,,,55.75,37.616667,Point(37.616667 55.75)
http://www.wikidata.org/entity/Q11737219,LOT Polish Airlines Flight 232,1957-06-14T00:00:00Z,9,,,55.75,37.616667,Point(37.616667 55.75)
http://www.wikidata.org/entity/Q11737219,LOT Polish Airlines Flight 232,1957-06-14T00:00:00Z,9,,,55.75,37.616667,Point(37.616667 55.75)
http://www.wikidata.org/entity/Q11737219,LOT Polish Airlines Flight 232,1957-06-14T00:00:00Z,9,,,55.75,37.616667,Point(37.616667 55.75)
http://www.wikidata.org/entity/Q11737220,Q11737220,2009-10-26T00:00:00Z,,,,53.864722222222,28.092777777778,Point(28.092777777 53.864722222)
http://www.wikidata.org/entity/Q11737236,Q11737236,2009-01-30T00:00:00Z,,,,38.3997,-82.5786,Point(-82.5786 38.3997)
http://www.wikidata.org/entity/Q11737236,Q11737236,2009-01-30T00:00:00Z,,,,38.3997,-82.5786,Point(-82.5786 38.3997)
http://www.wikidata.org/entity/Q11737239,Q11737239,1975-02-09T00:00:00Z,,,,35.5167,24.0167,Point(24.0167 35.5167)
http://www.wikidata.org/entity/Q11989628,British European Airways Flight 530,1946-08-07T00:00:00Z,3,,,60.377777777778,11.158333333333,Point(11.158333333 60.377777777)
http://www.wikidata.org/entity/Q11991955,Helikopter Service Flight 165,1978-06-26T00:00:00Z,18,,,61.01666667,2.8,Point(2.8 61.01666667)
http://www.wikidata.org/entity/Q12252637,Q12252637,2010-10-12T00:00:00Z,3,,,43.2205,-1.5056,Point(-1.5056 43.2205)
http://www.wikidata.org/entity/Q13592575,2013 Polar Airlines Mil Mi-8 crash,2013-07-02T00:00:00Z,24,,,69.707777777778,139.43833333333,Point(139.438333333 69.707777777)
http://www.wikidata.org/entity/Q14778492,Aeroflot Flight 528,1987-06-19T00:00:00Z,8,,,46.81444444,36.7875,Point(36.7875 46.81444444)
http://www.wikidata.org/entity/Q15077425,1951 Atlantic C-124 disappearance,1951-03-23T00:00:00Z,53,,,50.75,-24.05,Point(-24.05 50.75)
http://www.wikidata.org/entity/Q15087637,Aeroflot Flight 2003,1976-01-03T00:00:00Z,62,,,55.58694444,37.15833333,Point(37.15833333 55.58694444)
http://www.wikidata.org/entity/Q15222832,Aeroflot Flight 51,1967-12-30T00:00:00Z,43,,,56.8733,21.2044,Point(21.2044 56.8733)
http://www.wikidata.org/entity/Q15240032,Aeroflot Flight 2415,1976-11-28T00:00:00Z,73,,,56.01972222,37.29166667,Point(37.29166667 56.01972222)
http://www.wikidata.org/entity/Q15266139,Philippine Airlines Flight 206,1987-06-26T00:00:00Z,50,,,16.31916667,120.80166667,Point(120.80166667 16.31916667)
http://www.wikidata.org/entity/Q15316781,Aeroflot Flight 892,1986-12-12T00:00:00Z,72,,,52.38638889,13.5675,Point(13.5675 52.38638889)
http://www.wikidata.org/entity/Q15402066,1968 Kham Duc C-130 shootdown,1968-05-12T00:00:00Z,155,,,15.43819444,107.7969028,Point(107.7969028 15.43819444)
http://www.wikidata.org/entity/Q15421709,2013 Irkutsk Antonov An-12 crash,2013-12-26T00:00:00Z,9,,,52.63333333,104.2666667,Point(104.2666667 52.63333333)
http://www.wikidata.org/entity/Q15621252,Aeroflot Flight 3603,1981-11-17T00:00:00Z,99,,,69.29380556,87.30069444,Point(87.30069444 69.29380556)
http://www.wikidata.org/entity/Q15642802,Aeroflot Flight 2230,1967-11-16T00:00:00Z,107,,,56.74,60.87055556,Point(60.87055556 56.74)
http://www.wikidata.org/entity/Q15644543,Aeroflot Flight 811,1981-08-24T00:00:00Z,37,,,50.0194,130.467,Point(130.467 50.0194)
http://www.wikidata.org/entity/Q15831524,Royal Air Force NS11 crash,1919-07-15T00:00:00Z,9,,,52.951,1.043,Point(1.043 52.951)
http://www.wikidata.org/entity/Q15839379,Columbus disaster,1923-01-13T00:00:00Z,4,,,23.136667,-82.358889,Point(-82.358889 23.136667)
http://www.wikidata.org/entity/Q15940165,Haughey Air AgustaWestland AW139 crash,2014-03-13T00:00:00Z,4,,,52.4778,1.54389,Point(1.54389 52.4778)
http://www.wikidata.org/entity/Q15942402,Formosa Airlines Flight 7601,1997-08-10T00:00:00Z,16,,,26.23048,119.99321,Point(119.99321 26.23048)
http://www.wikidata.org/entity/Q15961958,Aeroflot Flight 3519,1984-12-23T00:00:00Z,110,,,56.1717,92.4933,Point(92.4933 56.1717)
http://www.wikidata.org/entity/Q16000671,1934 Swissair Tuttlingen accident,1934-07-27T00:00:00Z,12,,,48.018638888889,8.7964722222222,Point(8.796472222 48.018638888)
http://www.wikidata.org/entity/Q16000679,1940 Deutsche Lufthansa Ju 90 crash,1940-11-08T00:00:00Z,29,,,51.281,14.04,Point(14.04 51.281)
http://www.wikidata.org/entity/Q16000689,1945 Beijing C-46 crash,1945-10-12T00:00:00Z,59,,,39.86313333,116.11472778,Point(116.11472778 39.86313333)
http://www.wikidata.org/entity/Q16057145,1998 Sudan Air Force crash,1998-02-12T00:00:00Z,26,,,8.61616,33.0677,Point(33.0677 8.61616)
http://www.wikidata.org/entity/Q16165823,Aeroflot Flight 630,1973-02-24T00:00:00Z,79,,,40.45333333,69.38055556,Point(69.38055556 40.45333333)
http://www.wikidata.org/entity/Q16165837,Aeroflot Flight 699,1988-01-18T00:00:00Z,11,,,40.06527778,53.00629722,Point(53.00629722 40.06527778)
http://www.wikidata.org/entity/Q16202320,Pakistan International Airlines Flight 404,1989-08-25T00:00:00Z,54,,,35.2369,74.5901,Point(74.5901 35.2369)
http://www.wikidata.org/entity/Q16219320,Aeroflot Flight 1802,1976-05-15T00:00:00Z,52,,,51.28333333,31.41666667,Point(31.41666667 51.28333333)
http://www.wikidata.org/entity/Q16257126,1990 British Army Gazelle shootdown,1990-02-11T00:00:00Z,0,,,54.4133,-7.05833,Point(-7.05833 54.4133)
http://www.wikidata.org/entity/Q16485896,Aeroflot Flight 2174,1971-12-01T00:00:00Z,57,,,51.565,46.04666667,Point(46.04666667 51.565)
http://www.wikidata.org/entity/Q16486635,1976 Anapa mid-air collision,1976-09-09T00:00:00Z,70,,,44.55,37.3,Point(37.3 44.55)
http://www.wikidata.org/entity/Q16487613,Aeroflot Flight 558,1972-08-31T00:00:00Z,102,,,53.59972222,58.815,Point(58.815 53.59972222)
http://www.wikidata.org/entity/Q16487764,Aeroflot Flight 1036,1972-10-01T00:00:00Z,109,,,43.38694444,39.89833333,Point(39.89833333 43.38694444)
http://www.wikidata.org/entity/Q16487895,Aeroflot Flight 164,1958-09-07T00:00:00Z,,,,50.43333333,56.11666667,Point(56.11666667 50.43333333)
http://www.wikidata.org/entity/Q16488142,Aeroflot Flight 20/101,1965-01-04T00:00:00Z,64,,,43.366625,77.05505278,Point(77.05505278 43.366625)
http://www.wikidata.org/entity/Q16488145,Il-18 Accident,1966-11-22T00:00:00Z,,,,43.34727778,77.03347222,Point(77.03347222 43.34727778)
http://www.wikidata.org/entity/Q16488150,Aeroflot Flight 3843,1977-01-13T00:00:00Z,90,,,43.37638889,77.10277778,Point(77.10277778 43.37638889)
http://www.wikidata.org/entity/Q16488244,Q16488244,1979-09-03T00:00:00Z,,,,69.77222222,61.48055556,Point(61.48055556 69.77222222)
http://www.wikidata.org/entity/Q16488275,Aeroflot Flight 512,1973-01-01T00:00:00Z,9,,,31.7225,35.99305556,Point(35.99305556 31.7225)
http://www.wikidata.org/entity/Q16488482,Q16488482,1979-01-02T00:00:00Z,,,,-67.67111111,45.82694444,Point(45.82694444 -67.67111111)
http://www.wikidata.org/entity/Q16488486,Q16488486,1986-02-17T00:00:00Z,6,,,-66.835,88.0,Point(88.0 -66.835)
http://www.wikidata.org/entity/Q16488579,1962 Aral Sea Li-2 crash,1962-03-09T00:00:00Z,,,,45.61666667,58.58333333,Point(58.58333333 45.61666667)
http://www.wikidata.org/entity/Q16488738,Aeroflot Flight 3772,1966-08-27T00:00:00Z,,,,64.6,40.72055556,Point(40.72055556 64.6)
http://www.wikidata.org/entity/Q16495938,Q16495938,1973-08-08T00:00:00Z,,,,64.6025,40.67027778,Point(40.67027778 64.6025)
http://www.wikidata.org/entity/Q16532379,Aeroflot Flight 93,1990-06-30T00:00:00Z,,,,62.08333333,129.7666667,Point(129.7666667 62.08333333)
http://www.wikidata.org/entity/Q16532394,Q16532394,1958-02-19T00:00:00Z,0,,,55.41861111,42.2875,Point(42.2875 55.41861111)
http://www.wikidata.org/entity/Q16565572,Q16565572,1956-12-22T00:00:00Z,,,,46.2375,10.73227778,Point(10.73227778 46.2375)
http://www.wikidata.org/entity/Q16565575,Q16565575,2004-02-24T00:00:00Z,6,,,39.33833333,9.285,Point(9.285 39.33833333)
http://www.wikidata.org/entity/Q16565864,Q16565864,2003-04-04T00:00:00Z,,,,53.433056,15.764167,Point(15.764167 53.433056)
http://www.wikidata.org/entity/Q16565866,Q16565866,1936-12-01T00:00:00Z,,,,38.243056,23.788833,Point(23.788833 38.243056)
http://www.wikidata.org/entity/Q16565869,Q16565869,1937-11-11T00:00:00Z,,,,52.101111,21.003611,Point(21.003611 52.101111)
http://www.wikidata.org/entity/Q16565872,Q16565872,1936-12-28T00:00:00Z,,,,50.413611,23.207778,Point(23.207778 50.413611)
http://www.wikidata.org/entity/Q16565884,Q16565884,1985-11-13T00:00:00Z,,,,53.879,17.052,Point(17.052 53.879)
http://www.wikidata.org/entity/Q16630128,Aeroflot Flight 773,1971-10-10T00:00:00Z,25,,,56.13333333,41.26666667,Point(41.26666667 56.13333333)
http://www.wikidata.org/entity/Q16655874,Q16655874,1978-11-14T00:00:00Z,,,,59.66444444,17.98388889,Point(17.98388889 59.66444444)
http://www.wikidata.org/entity/Q16662343,Aeroflot Flight 36 (1976),1976-12-17T00:00:00Z,48,,,50.40055556,30.42166667,Point(30.42166667 50.40055556)
http://www.wikidata.org/entity/Q16662348,Aeroflot Flight 601,1983-12-24T00:00:00Z,44,,,64.89583333,45.72277778,Point(45.72277778 64.89583333)
http://www.wikidata.org/entity/Q16662355,Q16662355,1978-12-19T00:00:00Z,,,,39.69472222,66.97944444,Point(66.97944444 39.69472222)
http://www.wikidata.org/entity/Q16662359,Aeroflot Flight 134,1977-12-09T00:00:00Z,,,,64.9,77.76666667,Point(77.76666667 64.9)
http://www.wikidata.org/entity/Q16662366,Aeroflot Flight 6515,1978-10-23T00:00:00Z,26,,,45.43333333,35.16666667,Point(35.16666667 45.43333333)
http://www.wikidata.org/entity/Q16662368,Aeroflot Flight 13,1973-08-18T00:00:00Z,56,,,40.33016667,50.56905556,Point(50.56905556 40.33016667)
http://www.wikidata.org/entity/Q16662372,Aeroflot Flight F-77,1986-03-02T00:00:00Z,,,,54.71361111,52.86333333,Point(52.86333333 54.71361111)
http://www.wikidata.org/entity/Q16662374,Aeroflot Flight 6274,1975-11-17T00:00:00Z,,,,42.83055556,41.8875,Point(41.8875 42.83055556)
http://www.wikidata.org/entity/Q16662387,Q16662387,1977-07-08T00:00:00Z,,,,42.87611111,41.08972222,Point(41.08972222 42.87611111)
http://www.wikidata.org/entity/Q16662389,Q16662389,1975-11-20T00:00:00Z,19,,,49.91666667,36.11666667,Point(36.11666667 49.91666667)
http://www.wikidata.org/entity/Q16662433,Aeroflot Flight 498,1981-06-14T00:00:00Z,48,,,53.61666667,108.7333333,Point(108.7333333 53.61666667)
http://www.wikidata.org/entity/Q16662438,Q16662438,1981-02-12T00:00:00Z,2,,,80.58074167,57.67822222,Point(57.67822222 80.58074167)
http://www.wikidata.org/entity/Q16662452,Q16662452,1960-04-27T00:00:00Z,1,,,56.74472222,60.8025,Point(60.8025 56.74472222)
http://www.wikidata.org/entity/Q16662460,Aeroflot Flight 1770,1969-08-26T00:00:00Z,,,,55.59416667,37.27222222,Point(37.27222222 55.59416667)
http://www.wikidata.org/entity/Q94774,Pakistan Naval Air Arm Atlantique shootdown,1999-08-10T00:00:00Z,16,,,23.9,68.26666667,Point(68.26666667 23.9)
http://www.wikidata.org/entity/Q185380,Air France Flight 447,2009-06-01T00:00:00Z,228,,,3.0658333333333,-30.561666666667,Point(-30.561666666 3.065833333)
http://www.wikidata.org/entity/Q406599,Air New Zealand Flight 901,1979-11-28T00:00:00Z,20,,,-77.425,167.45833333333,Point(167.458333333 -77.425)
http://www.wikidata.org/entity/Q406599,Air New Zealand Flight 901,1979-11-28T00:00:00Z,237,,,-77.425,167.45833333333,Point(167.458333333 -77.425)
http://www.wikidata.org/entity/Q406599,Air New Zealand Flight 901,1979-11-28T00:00:00Z,257,,,-77.425,167.45833333333,Point(167.458333333 -77.425)
http://www.wikidata.org/entity/Q406609,Air Transat Flight 236,2001-08-24T00:00:00Z,0,,,42.733,-23.083,Point(-23.083 42.733)
http://www.wikidata.org/entity/Q432131,Lady Be Good,1943-04-04T00:00:00Z,9,,,26.71269444,24.02416667,Point(24.02416667 26.71269444)
http://www.wikidata.org/entity/Q452157,Mechelen incident,1940-01-10T00:00:00Z,,,,50.972914,5.715809,Point(5.715809 50.972914)
http://www.wikidata.org/entity/Q458321,Korean Air Lines Flight 902,1978-04-20T00:00:00Z,2,,,66.048333333333,33.070555555556,Point(33.070555555 66.048333333)
http://www.wikidata.org/entity/Q485120,Korean Air Flight 801,1997-08-06T00:00:00Z,228,,,13.45583333,144.732,Point(144.732 13.45583333)
http://www.wikidata.org/entity/Q486045,Asiana Airlines Flight 991,2011-07-28T00:00:00Z,2,,,33.53333333,124.83333333,Point(124.83333333 33.53333333)
http://www.wikidata.org/entity/Q495953,Korean Air Flight 858,1987-11-29T00:00:00Z,115,,,14.55,97.3833,Point(97.3833 14.55)
http://www.wikidata.org/entity/Q519012,1989 Belgium MiG-23 crash,1989-07-04T00:00:00Z,1,,,50.759388888889,3.3115,Point(3.3115 50.759388888)
http://www.wikidata.org/entity/Q613025,Independent Air Flight 1851,1989-02-08T00:00:00Z,144,,,36.9667,-25.1,Point(-25.1 36.9667)
http://www.wikidata.org/entity/Q655671,Hapag-Lloyd Flight 3378,2000-07-12T00:00:00Z,0,,,48.08333333,16.59444444,Point(16.59444444 48.08333333)
http://www.wikidata.org/entity/Q703762,China Airlines Flight 006,1985-02-19T00:00:00Z,0,,,32.54400556,-116.96558333,Point(-116.96558333 32.54400556)
http://www.wikidata.org/entity/Q715683,South African Airways Flight 295,1987-11-28T00:00:00Z,159,,,-19.175,59.633333333333,Point(59.633333333 -19.175)
http://www.wikidata.org/entity/Q741398,1996 Air Africa crash,1996-01-08T00:00:00Z,298,,,-4.32994444,15.31897222,Point(15.31897222 -4.32994444)
http://www.wikidata.org/entity/Q743060,Iran Air Flight 655 shootdown,1988-07-03T00:00:00Z,16,,,26.668333333333,56.044722222222,Point(56.044722222 26.668333333)
http://www.wikidata.org/entity/Q743060,Iran Air Flight 655 shootdown,1988-07-03T00:00:00Z,274,,,26.668333333333,56.044722222222,Point(56.044722222 26.668333333)
http://www.wikidata.org/entity/Q743060,Iran Air Flight 655 shootdown,1988-07-03T00:00:00Z,290,,,26.668333333333,56.044722222222,Point(56.044722222 26.668333333)
http://www.wikidata.org/entity/Q748379,1960 U-2 incident spy aircraft,1960-05-01T00:00:00Z,,,,56.726388888889,60.986111111111,Point(60.986111111 56.726388888)
http://www.wikidata.org/entity/Q904715,Yemenia Flight 626,2009-06-30T00:00:00Z,11,,,-11.3165,43.327,Point(43.327 -11.3165)
http://www.wikidata.org/entity/Q904715,Yemenia Flight 626,2009-06-30T00:00:00Z,142,,,-11.3165,43.327,Point(43.327 -11.3165)
http://www.wikidata.org/entity/Q904715,Yemenia Flight 626,2009-06-30T00:00:00Z,152,,,-11.3165,43.327,Point(43.327 -11.3165)
http://www.wikidata.org/entity/Q935682,Sudan Airways Flight 139,2003-07-08T00:00:00Z,117,,,19.62,37.2167,Point(37.2167 19.62)
http://www.wikidata.org/entity/Q962966,BOAC Flight 781,1954-01-10T00:00:00Z,35,,,42.67833333,10.42722222,Point(10.42722222 42.67833333)
http://www.wikidata.org/entity/Q967315,1992 European Community Monitor Mission helicopter downing,1992-01-07T00:00:00Z,5,,,46.1725,16.2306,Point(16.2306 46.1725)
http://www.wikidata.org/entity/Q1012788,Bristow Flight 56C,1995-01-19T00:00:00Z,0,,,58.7,1.3,Point(1.3 58.7)
http://www.wikidata.org/entity/Q1012788,Bristow Flight 56C,1995-01-19T00:00:00Z,0,,,58.7,1.3,Point(1.3 58.7)
http://www.wikidata.org/entity/Q1073177,China Airlines Flight 642,1999-08-22T00:00:00Z,3,,,22.309,113.915,Point(113.915 22.309)
http://www.wikidata.org/entity/Q1190969,Aeroflot Flight 411,1982-07-06T00:00:00Z,90,,,56.0275,37.25833333,Point(37.25833333 56.0275)
http://www.wikidata.org/entity/Q1268842,1996 Croatia USAF CT-43 crash,1996-04-03T00:00:00Z,35,,,42.598333333333,18.252222222222,Point(18.252222222 42.598333333)
http://www.wikidata.org/entity/Q1366606,1993 Zambia national football team plane crash,1993-04-27T00:00:00Z,30,,,0.618135,9.31272,Point(9.31272 0.618135)
http://www.wikidata.org/entity/Q1434045,1943 Gibraltar B-24 crash,1943-07-04T00:00:00Z,,,,36.1525,-5.33,Point(-5.33 36.1525)
http://www.wikidata.org/entity/Q1434047,1988 Remscheid A-10 crash,1988-12-08T00:00:00Z,6,,,51.18638889,7.16055556,Point(7.16055556 51.18638889)
http://www.wikidata.org/entity/Q1434079,1967 Nicosia Britannia disaster,1967-04-20T00:00:00Z,126,,,35.108289,33.287094,Point(33.287094 35.108289)
http://www.wikidata.org/entity/Q1434556,Flying Tiger Line Flight 923,1962-09-23T00:00:00Z,28,,,54.2,-24.5,Point(-24.5 54.2)
http://www.wikidata.org/entity/Q1488972,UTA 772 bombing,1989-09-19T00:00:00Z,170,,,16.86493,11.953711666667,Point(11.953711666 16.86493)
http://www.wikidata.org/entity/Q1771343,Hurum air disaster,1949-11-20T00:00:00Z,,,,59.615295,10.575199,Point(10.575199 59.615295)
http://www.wikidata.org/entity/Q1772327,Trigana Air Service Flight 168,2010-02-11T00:00:00Z,,,,-1.03083333,117.09555556,Point(117.09555556 -1.03083333)
http://www.wikidata.org/entity/Q1816505,Philippine Airlines Flight 434,1994-12-11T00:00:00Z,1,,,25.845833333333,131.24166666667,Point(131.241666666 25.845833333)
http://www.wikidata.org/entity/Q1816505,Philippine Airlines Flight 434,1994-12-11T00:00:00Z,1,,,25.845833333333,131.24166666667,Point(131.241666666 25.845833333)
http://www.wikidata.org/entity/Q1993878,1975 Tan Son Nhut C-5 accident,1975-04-04T00:00:00Z,138,,,10.8439,106.702,Point(106.702 10.8439)
http://www.wikidata.org/entity/Q1993878,1975 Tan Son Nhut C-5 accident,1975-04-04T00:00:00Z,138,,,10.8439,106.702,Point(106.702 10.8439)
http://www.wikidata.org/entity/Q1995382,1963 Aeroflot Tupolev Tu-124 Neva river ditching,1963-08-21T00:00:00Z,0,,,59.91972222,30.40361111,Point(30.40361111 59.91972222)
http://www.wikidata.org/entity/Q2047975,Bjørnøya Accident,1954-03-28T00:00:00Z,8,,,74.46,18.92,Point(18.92 74.46)
http://www.wikidata.org/entity/Q2253625,Aeroflot Flight 4225,1980-07-08T00:00:00Z,166,,,43.2775,76.8958,Point(76.8958 43.2775)
http://www.wikidata.org/entity/Q2253625,Aeroflot Flight 4225,1980-07-08T00:00:00Z,166,,,43.2775,76.8958,Point(76.8958 43.2775)
http://www.wikidata.org/entity/Q2253625,Aeroflot Flight 4225,1980-07-08T00:00:00Z,166,,,43.2775,76.8958,Point(76.8958 43.2775)
http://www.wikidata.org/entity/Q2253625,Aeroflot Flight 4225,1980-07-08T00:00:00Z,166,,,43.2775,76.8958,Point(76.8958 43.2775)
http://www.wikidata.org/entity/Q2254625,Aeroflot Flight 1491,1972-05-18T00:00:00Z,122,,,50.153055555556,36.348055555556,Point(36.348055555 50.153055555)
http://www.wikidata.org/entity/Q2254649,Aeroflot Flight 902,1962-06-30T00:00:00Z,84,,,56.0294,93.0675,Point(93.0675 56.0294)
http://www.wikidata.org/entity/Q2254794,Aeroflot Flight 1691,1979-03-17T00:00:00Z,58,,,55.5961,37.2675,Point(37.2675 55.5961)
http://www.wikidata.org/entity/Q2254794,Aeroflot Flight 1691,1979-03-17T00:00:00Z,58,,,55.5961,37.2675,Point(37.2675 55.5961)
http://www.wikidata.org/entity/Q2254909,Austrian Airlines flight 901,1960-09-26T00:00:00Z,31,,,56.002605,37.096024,Point(37.096024 56.002605)
http://www.wikidata.org/entity/Q2289446,KLM Flight 607-E,1958-08-14T00:00:00Z,99,,,53.2083,-11.8833,Point(-11.8833 53.2083)
http://www.wikidata.org/entity/Q2292497,Linate Airport disasterrr,2001-10-08T00:00:00Z,118,,,45.448333333333,9.2766666666667,Point(9.276666666 45.448333333)
http://www.wikidata.org/entity/Q2317794,KLM Flight 608,1954-08-23T00:00:00Z,21,,,52.666666666667,4.3333333333333,Point(4.333333333 52.666666666)
http://www.wikidata.org/entity/Q2343232,BOAC Flight 777,1943-06-01T00:00:00Z,17,,,46.116667,-10.25,Point(-10.25 46.116667)
http://www.wikidata.org/entity/Q2344809,KLM Flight 844,1957-07-16T00:00:00Z,58,,,-1.20333333,136.14611111,Point(136.14611111 -1.20333333)
http://www.wikidata.org/entity/Q2375420,Aeroflot Flight 3352,1984-10-11T00:00:00Z,174,,,54.96666667,73.30833333,Point(73.30833333 54.96666667)
http://www.wikidata.org/entity/Q2475745,Siberia Airlines Flight 1812,2001-10-04T00:00:00Z,78,,,42.18333333,37.61666667,Point(37.61666667 42.18333333)
http://www.wikidata.org/entity/Q2485673,CanJet Flight 918,2009-04-19T00:00:00Z,0,,,18.4999,-77.9164,Point(-77.9164 18.4999)
http://www.wikidata.org/entity/Q2495117,United Airlines Flight 736,1958-04-21T00:00:00Z,49,,,35.9998,-115.2056,Point(-115.2056 35.9998)
http://www.wikidata.org/entity/Q2550247,El Al Flight 402,1955-07-27T00:00:00Z,58,,,41.4,23.21666667,Point(23.21666667 41.4)
http://www.wikidata.org/entity/Q2603955,Gulf of Sidra incident,1989-01-04T00:00:00Z,,,,33.5,23.4,Point(23.4 33.5)
http://www.wikidata.org/entity/Q2608588,Cubana Flight 455,1976-10-06T00:00:00Z,73,,,13.13,-59.725,Point(-59.725 13.13)
http://www.wikidata.org/entity/Q2623686,1996 Belgian Air Force Hercules accident,1996-07-15T00:00:00Z,34,,,51.45,5.37444,Point(5.37444 51.45)
http://www.wikidata.org/entity/Q2822697,Air France Flight 152,1953-08-03T00:00:00Z,4,,,36.51957,28.922653,Point(28.922653 36.51957)
http://www.wikidata.org/entity/Q2822708,2005 Iranian Air Force C-130 crash,2005-12-06T00:00:00Z,94,,,35.7,51.416667,Point(51.416667 35.7)
http://www.wikidata.org/entity/Q2822709,2012 Kenya Police helicopter crash,2012-06-10T00:00:00Z,6,,,-1.373503,36.639404,Point(36.639404 -1.373503)
http://www.wikidata.org/entity/Q2896313,2002 Mombasa attacks,2002-11-28T00:00:00Z,0,,,-4.05,39.666,Point(39.666 -4.05)
http://www.wikidata.org/entity/Q2909812,1997 Israeli helicopter disaster,1997-02-04T00:00:00Z,73,,,33.2222,35.6411,Point(35.6411 33.2222)
http://www.wikidata.org/entity/Q2948131,Aeroflot Flight 8381,1985-05-03T00:00:00Z,94,,,49.8407942,24.8645514,Point(24.8645514 49.8407942)
http://www.wikidata.org/entity/Q3078122,South African Airways Flight 201,1954-04-08T00:00:00Z,21,,,39.9167,14.5,Point(14.5 39.9167)
http://www.wikidata.org/entity/Q3156912,Air Philippines Flight 541,2000-04-19T00:00:00Z,131,,,7.15666667,125.70083333,Point(125.70083333 7.15666667)
http://www.wikidata.org/entity/Q3271379,Gulf Air Flight 072,2000-08-23T00:00:00Z,143,,,26.28888889,50.63333333,Point(50.63333333 26.28888889)
http://www.wikidata.org/entity/Q3525589,2005 Royal Air Force Hercules shootdown,2005-01-30T00:00:00Z,10,,,33.53158333,44.04875,Point(44.04875 33.53158333)
http://www.wikidata.org/entity/Q3562567,Avioimpex Flight 110,1993-11-20T00:00:00Z,116,,,41.185,20.776111111111,Point(20.776111111 41.185)
http://www.wikidata.org/entity/Q3610236,1982 British Army Gazelle friendly fire incident,1982-06-06T00:00:00Z,,,,-51.783611111111,-58.467777777778,Point(-58.467777777 -51.783611111)
http://www.wikidata.org/entity/Q3709226,Q3709226,1944-04-04T00:00:00Z,2,,,42.7584,10.1819,Point(10.1819 42.7584)
http://www.wikidata.org/entity/Q3797643,Castelsilano air crash,1980-07-18T00:00:00Z,,,,39.275,16.8,Point(16.8 39.275)
http://www.wikidata.org/entity/Q3797644,Q3797644,1953-01-26T00:00:00Z,19,,,39.33805556,9.28444444,Point(9.28444444 39.33805556)
http://www.wikidata.org/entity/Q3797656,Q3797656,1984-07-12T00:00:00Z,,,,37.28333333,15.0,Point(15.0 37.28333333)
http://www.wikidata.org/entity/Q3997249,1971 RAF Hercules crash,1971-11-09T00:00:00Z,52,,,43.5478,10.2186,Point(10.2186 43.5478)
http://www.wikidata.org/entity/Q4016229,Q4016229,1964-03-28T00:00:00Z,45,,,40.82166667,14.42611111,Point(14.42611111 40.82166667)
http://www.wikidata.org/entity/Q4016230,flight Alitalia 660,1968-08-02T00:00:00Z,,,,45.7425,8.7075,Point(8.7075 45.7425)
http://www.wikidata.org/entity/Q4016239,Q4016239,1974-01-01T00:00:00Z,38,,,45.16996611,7.64738611,Point(7.64738611 45.16996611)
http://www.wikidata.org/entity/Q4016240,Q4016240,1960-10-14T00:00:00Z,,,,42.76898889,10.14418333,Point(10.14418333 42.76898889)
http://www.wikidata.org/entity/Q4055390,Q4055390,1999-07-26T00:00:00Z,,,,52.26055556,104.4316667,Point(104.4316667 52.26055556)
http://www.wikidata.org/entity/Q4055757,Pulkovo Aviation Enterprise Flight 9560,2002-07-28T00:00:00Z,14,,,55.988333333333,37.483055555556,Point(37.483055555 55.988333333)
http://www.wikidata.org/entity/Q4055758,1958 Aeroflot Тu-104 crash in Chuvash,1958-10-17T00:00:00Z,80,,,58.47527778,47.12277778,Point(47.12277778 58.47527778)
http://www.wikidata.org/entity/Q4055762,Aeroflot Flight 6502,1986-10-20T00:00:00Z,70,,,53.50563,50.159933,Point(50.159933 53.50563)
http://www.wikidata.org/entity/Q4055763,Aeroflot Flight 5463,1983-08-30T00:00:00Z,90,,,43.16888889,76.69805556,Point(76.69805556 43.16888889)
http://www.wikidata.org/entity/Q4055770,Aeroflot Flight 7425,1985-07-10T00:00:00Z,200,,,42.15666667,63.55555556,Point(63.55555556 42.15666667)
http://www.wikidata.org/entity/Q4055779,1950 Sverdlovsk air disaster,1950-01-05T00:00:00Z,19,,,56.744779,60.796756,Point(60.796756 56.744779)
http://www.wikidata.org/entity/Q4055781,2011 Chinook shootdown in Afghanistan,2011-08-06T00:00:00Z,38,,,34.022788888889,68.785505555556,Point(68.785505555 34.022788888)
http://www.wikidata.org/entity/Q4116581,June 2012 interception of Turkish aircraft,2012-06-22T00:00:00Z,2,,,35.833476,35.509937,Point(35.509937 35.833476)
http://www.wikidata.org/entity/Q4202012,FlyMontserrat Flight 107,2012-10-07T00:00:00Z,3,,,17.1333,-61.7964,Point(-61.7964 17.1333)
http://www.wikidata.org/entity/Q16662467,Q16662467,1967-04-06T00:00:00Z,,,,55.36333333,37.90305556,Point(37.90305556 55.36333333)
http://www.wikidata.org/entity/Q16662469,Aeroflot Flight 25,1963-04-04T00:00:00Z,67,,,55.47,50.39722222,Point(50.39722222 55.47)
http://www.wikidata.org/entity/Q16662473,ČSA Flight 511,1961-07-12T00:00:00Z,72,,,33.4403,-7.715834,Point(-7.715834 33.4403)
http://www.wikidata.org/entity/Q16662479,1974 Leningrad Aeroflot Il-18 crash,1974-04-27T00:00:00Z,109,,,59.79822222,30.34091667,Point(30.34091667 59.79822222)
http://www.wikidata.org/entity/Q16662481,Aeroflot Flight 245,1961-12-17T00:00:00Z,59,,,48.645,40.13472222,Point(40.13472222 48.645)
http://www.wikidata.org/entity/Q16662484,1961 Mineralnye Vody Il-18 crash,1961-12-31T00:00:00Z,,,,44.216388888889,43.005277777778,Point(43.005277777 44.216388888)
http://www.wikidata.org/entity/Q16662485,Aeroflot Flight 5003 (1977),1977-02-15T00:00:00Z,77,,,44.21666667,43.13333333,Point(43.13333333 44.21666667)
http://www.wikidata.org/entity/Q16662501,Q16662501,1950-12-27T00:00:00Z,,,,43.7975,68.64944444,Point(68.64944444 43.7975)
http://www.wikidata.org/entity/Q16662526,Q16662526,2008-02-28T00:00:00Z,5,,,45.067095,64.650156,Point(64.650156 45.067095)
http://www.wikidata.org/entity/Q16662530,Tu-104 crash at Domodedovo airport,1973-12-07T00:00:00Z,16,,,55.41972222,37.87805556,Point(37.87805556 55.41972222)
http://www.wikidata.org/entity/Q16662533,Aeroflot Flight 1912,1971-07-25T00:00:00Z,97,,,52.26944444,104.3819444,Point(104.3819444 52.26944444)
http://www.wikidata.org/entity/Q16662534,Aeroflot Flight 3739 (1976),1976-02-09T00:00:00Z,24,,,52.26166667,104.4102778,Point(104.4102778 52.26166667)
http://www.wikidata.org/entity/Q16662538,Q16662538,1961-07-10T00:00:00Z,,,,46.40611111,30.68527778,Point(30.68527778 46.40611111)
http://www.wikidata.org/entity/Q16662541,Aeroflot Flight 68,1961-03-16T00:00:00Z,7,,,56.77444444,60.685,Point(60.685 56.77444444)
http://www.wikidata.org/entity/Q16662545,Aeroflot Flight 12,1963-07-13T00:00:00Z,33,,,52.25333333,104.4372222,Point(104.4372222 52.25333333)
http://www.wikidata.org/entity/Q16662547,Q16662547,1962-06-04T00:00:00Z,,,,42.76666667,23.98333333,Point(23.98333333 42.76666667)
http://www.wikidata.org/entity/Q16662552,Aeroflot Flight 109,1973-05-18T00:00:00Z,81,,,51.02666667,113.305,Point(113.305 51.02666667)
http://www.wikidata.org/entity/Q16662556,Aeroflot Flight 3153,1968-03-07T00:00:00Z,1,,,48.78171389,44.35082222,Point(44.35082222 48.78171389)
http://www.wikidata.org/entity/Q16662560,Aeroflot Flight 2022,1973-12-16T00:00:00Z,51,,,55.74055556,35.7875,Point(35.7875 55.74055556)
http://www.wikidata.org/entity/Q16662562,Aeroflot Flight 3630,1970-09-02T00:00:00Z,,,,48.72,34.035,Point(34.035 48.72)
http://www.wikidata.org/entity/Q16662564,Aeroflot Flight 5484,1979-08-29T00:00:00Z,63,,,52.525,42.6,Point(42.6 52.525)
http://www.wikidata.org/entity/Q16662566,Aeroflot Flight 513,1965-03-08T00:00:00Z,30,,,53.50166667,50.155,Point(50.155 53.50166667)
http://www.wikidata.org/entity/Q16662570,Aeroflot Flight 99,1965-11-11T00:00:00Z,32,,,69.11658889,32.45670278,Point(32.45670278 69.11658889)
http://www.wikidata.org/entity/Q16662574,Q16662574,1984-05-25T00:00:00Z,,,,47.95083333,37.59777778,Point(37.59777778 47.95083333)
http://www.wikidata.org/entity/Q16662576,1995 Lagos Harka Air Services Tu-134 crash,1995-06-24T00:00:00Z,16,,,6.577369,3.321156,Point(3.321156 6.577369)
http://www.wikidata.org/entity/Q16662581,Aeroflot Flight 5569,1986-06-22T00:00:00Z,,,,53.11638889,44.99972222,Point(44.99972222 53.11638889)
http://www.wikidata.org/entity/Q16662583,Aeroflot Flight 7867,1988-02-27T00:00:00Z,20,,,61.34486111,73.38933333,Point(73.38933333 61.34486111)
http://www.wikidata.org/entity/Q16662585,Q16662585,1979-03-22T00:00:00Z,,,,56.52175556,21.12396111,Point(21.12396111 56.52175556)
http://www.wikidata.org/entity/Q16662587,Aeroflot Flight 6246,1990-01-13T00:00:00Z,27,,,56.8575,60.020833333333,Point(60.020833333 56.8575)
http://www.wikidata.org/entity/Q16662589,Aeroflot Flight 2306,1986-07-02T00:00:00Z,54,,,61.2,49.81666667,Point(49.81666667 61.2)
http://www.wikidata.org/entity/Q16662591,1978 Yegoryevsk Tu-144 crash,1978-05-23T00:00:00Z,,,,55.3947,38.86050833,Point(38.86050833 55.3947)
http://www.wikidata.org/entity/Q16662594,Aeroflot Flight 8556,1991-05-23T00:00:00Z,15,,,59.79994722,30.21797222,Point(30.21797222 59.79994722)
http://www.wikidata.org/entity/Q16662602,Aeroflot Flight 124,1974-12-14T00:00:00Z,,,,39.79388889,64.48666667,Point(64.48666667 39.79388889)
http://www.wikidata.org/entity/Q16662604,Q16662604,1981-08-29T00:00:00Z,,,,53.67916667,127.0888889,Point(127.0888889 53.67916667)
http://www.wikidata.org/entity/Q16662606,Q16662606,1975-10-22T00:00:00Z,,,,58.52494444,31.25886111,Point(31.25886111 58.52494444)
http://www.wikidata.org/entity/Q16662611,1976 Aeroflot Yakovlev Yak-40 crash,1976-12-17T00:00:00Z,7,,,56.85555556,105.7266667,Point(105.7266667 56.85555556)
http://www.wikidata.org/entity/Q16662621,Aeroflot Flight 608,1972-05-04T00:00:00Z,18,,,56.35972222,101.7411111,Point(101.7411111 56.35972222)
http://www.wikidata.org/entity/Q16662624,Aeroflot Flight Sh-88,1980-06-12T00:00:00Z,29,,,38.85055556,68.505,Point(68.505 38.85055556)
http://www.wikidata.org/entity/Q16662632,Aeroflot Flight 07,1985-10-11T00:00:00Z,,,,42.31666667,42.05,Point(42.05 42.31666667)
http://www.wikidata.org/entity/Q16662637,Aeroflot Flight E-46,1983-04-19T00:00:00Z,,,,40.30444444,44.91222222,Point(44.91222222 40.30444444)
http://www.wikidata.org/entity/Q16662641,Aeroflot Flight 29674,1988-01-24T00:00:00Z,,,,60.975,76.526111111111,Point(76.526111111 60.975)
http://www.wikidata.org/entity/Q16662645,Aeroflot Flight X-167,1973-02-28T00:00:00Z,32,,,50.333055555556,80.2225,Point(80.2225 50.333055555)
http://www.wikidata.org/entity/Q16662647,Aeroflot Flight 35,1990-08-01T00:00:00Z,,,,39.683333333333,46.533333333333,Point(46.533333333 39.683333333)
http://www.wikidata.org/entity/Q16702241,Q16702241,1974-10-04T00:00:00Z,13,,,52.2675,104.3930556,Point(104.3930556 52.2675)
http://www.wikidata.org/entity/Q16704624,Q16704624,1972-03-27T00:00:00Z,1,,,48.56666667,39.34805556,Point(39.34805556 48.56666667)
http://www.wikidata.org/entity/Q16825829,1946 American Overseas Airlines Douglas DC-4 crash,1946-10-03T00:00:00Z,39,,,48.60274444,-58.46382222,Point(-58.46382222 48.60274444)
http://www.wikidata.org/entity/Q16894153,LIAT Flight 319,1986-08-03T00:00:00Z,13,,,13.137335,-61.218879,Point(-61.218879 13.137335)
http://www.wikidata.org/entity/Q16912881,1974 EgyptAir Tupolev Tu-154 crash,1974-07-10T00:00:00Z,,,,30.102,31.404,Point(31.404 30.102)
http://www.wikidata.org/entity/Q16985739,Transocean Air Lines Flight 512,1953-07-12T00:00:00Z,58,,,19.86666667,172.6,Point(172.6 19.86666667)
http://www.wikidata.org/entity/Q16986023,USAAF Boeing B-17 crash on North Barrule,1945-04-23T00:00:00Z,31,,,54.28861111,-4.39416667,Point(-4.39416667 54.28861111)
http://www.wikidata.org/entity/Q17058804,1986 Sudan Airways Fokker F-27 shootdown,1986-08-16T00:00:00Z,60,,,9.57498333,31.68960833,Point(31.68960833 9.57498333)
http://www.wikidata.org/entity/Q17143589,Si Fly Flight 3275,1999-11-12T00:00:00Z,24,,,42.966666666667,21.05,Point(21.05 42.966666666)
http://www.wikidata.org/entity/Q17282241,2014 Olsberg mid-air collision,2014-06-23T00:00:00Z,2,,,51.27861111,8.4475,Point(8.4475 51.27861111)
http://www.wikidata.org/entity/Q17323459,Lufthansa Flight 527,1979-07-26T00:00:00Z,3,,,-22.58277778,-43.21583333,Point(-43.21583333 -22.58277778)
http://www.wikidata.org/entity/Q17502291,Japan Airlines Flight 422,1975-12-16T00:00:00Z,,,,61.16972222,-149.98888889,Point(-149.98888889 61.16972222)
http://www.wikidata.org/entity/Q17996745,Aeroflot Flight 4,1958-08-15T00:00:00Z,64,,,49.8,132.95,Point(132.95 49.8)
http://www.wikidata.org/entity/Q18235521,Aeroflot Flight 11,1957-01-01T00:00:00Z,,,,48.880277777778,132.50444444444,Point(132.504444444 48.880277777)
http://www.wikidata.org/entity/Q18235521,Aeroflot Flight 11,1957-01-01T00:00:00Z,,,,48.880277777778,132.50444444444,Point(132.504444444 48.880277777)
http://www.wikidata.org/entity/Q18286128,Q18286128,1964-07-15T00:00:00Z,3,,,49.35163,10.65373,Point(10.65373 49.35163)
http://www.wikidata.org/entity/Q18398545,Accidente de un Sud Aviation Caravelle de Royal Air Maroc en 1973,1973-12-22T00:00:00Z,106,,,35.67,-5.43,Point(-5.43 35.67)
http://www.wikidata.org/entity/Q18398580,1958 Lazo Il-12 crash,1957-09-19T00:00:00Z,,,,47.566666666667,136.425,Point(136.425 47.566666666)
http://www.wikidata.org/entity/Q18398581,Aeroflot Flight 10 (1957),1957-12-18T00:00:00Z,,,,48.880277777778,132.50444444444,Point(132.504444444 48.880277777)
http://www.wikidata.org/entity/Q18398581,Aeroflot Flight 10 (1957),1957-12-18T00:00:00Z,,,,48.880277777778,132.50444444444,Point(132.504444444 48.880277777)
http://www.wikidata.org/entity/Q18398589,Aeroflot Flight 663,1963-08-24T00:00:00Z,32,,,42.46666667,42.4,Point(42.4 42.46666667)
http://www.wikidata.org/entity/Q18398630,Malév Flight 203,1977-09-21T00:00:00Z,,,,44.696666666667,26.537222222222,Point(26.537222222 44.696666666)
http://www.wikidata.org/entity/Q18401915,1977 Tavda mid-air collision,1977-05-07T00:00:00Z,,,,57.911111111111,65.255555555556,Point(65.255555555 57.911111111)
http://www.wikidata.org/entity/Q18430707,Q18430707,2014-07-05T00:00:00Z,,,,50.906022222222,19.159238888889,Point(19.159238888 50.906022222)
http://www.wikidata.org/entity/Q18543266,Pan Am Flight 799,1968-12-26T00:00:00Z,3,,,61.266666666667,-149.83333333333,Point(-149.833333333 61.266666666)
http://www.wikidata.org/entity/Q19574800,HMS Richmond helicopter crash,2002-06-12T00:00:00Z,2,,,35.0,-73.5,Point(-73.5 35.0)
http://www.wikidata.org/entity/Q19689973,Turkish Airlines Flight 726,2015-03-03T00:00:00Z,,,,27.69611111,85.35805556,Point(85.35805556 27.69611111)
http://www.wikidata.org/entity/Q19689973,Turkish Airlines Flight 726,2015-03-04T00:00:00Z,,,,27.69611111,85.35805556,Point(85.35805556 27.69611111)
http://www.wikidata.org/entity/Q19851732,China Xinjiang Airlines Flight 9501,1988-07-11T00:00:00Z,,,,29.66888889,115.99194444,Point(115.99194444 29.66888889)
http://www.wikidata.org/entity/Q19909685,Aeroflot Flight 637,1984-12-04T00:00:00Z,10,,,57.716666666667,41.133333333333,Point(41.133333333 57.716666666)
http://www.wikidata.org/entity/Q19909934,Aeroflot Flight 105,1958-06-09T00:00:00Z,,,,59.473611111111,150.88805555556,Point(150.888055555 59.473611111)
http://www.wikidata.org/entity/Q19910592,Q19910592,1990-02-01T00:00:00Z,,,,55.70056,24.51639,Point(24.51639 55.70056)
http://www.wikidata.org/entity/Q19911204,Aeroflot Flight 136,1954-10-28T00:00:00Z,,,,54.506944444444,94.686111111111,Point(94.686111111 54.506944444)
http://www.wikidata.org/entity/Q20007247,Skyway Enterprises Flight 7101,2014-10-29T00:00:00Z,2,,,18.03833333,-63.12722222,Point(-63.12722222 18.03833333)
http://www.wikidata.org/entity/Q20009566,Q20009566,1993-09-15T00:00:00Z,3,,,45.50527778,12.35194444,Point(12.35194444 45.50527778)
http://www.wikidata.org/entity/Q20010249,1948 Royal Air Force Avro Lancaster crash,1948-09-04T00:00:00Z,,,,42.32557778,10.30527778,Point(10.30527778 42.32557778)
http://www.wikidata.org/entity/Q20080729,Sierra Pacific Airlines Flight 802,1974-03-13T00:00:00Z,,,,37.3325,-118.36194444444,Point(-118.361944444 37.3325)
http://www.wikidata.org/entity/Q20743315,Capital Airlines Flight 300,1958-05-20T00:00:00Z,11,,,39.330555555556,-77.544166666667,Point(-77.544166666 39.330555555)
http://www.wikidata.org/entity/Q20828539,1997 Namibia mid-air collision,1997-09-13T00:00:00Z,33,,,-18.8,11.3,Point(11.3 -18.8)
http://www.wikidata.org/entity/Q20936223,ČSA Flight 523,1967-09-05T00:00:00Z,37,,,48.9429,-54.5373,Point(-54.5373 48.9429)
http://www.wikidata.org/entity/Q20986949,1956 Niles Canyon Douglas R5D-2 crash,1956-02-17T00:00:00Z,,,,37.623377777778,-121.94992222222,Point(-121.949922222 37.623377777)
http://www.wikidata.org/entity/Q20986954,Paradise Airlines Flight 901A,1964-03-01T00:00:00Z,85,,,39.0163,-119.8888,Point(-119.8888 39.0163)
http://www.wikidata.org/entity/Q21027655,Capitol International Airways Flight 3/26,1970-11-27T00:00:00Z,47,,,61.167888888889,-149.93683333333,Point(-149.936833333 61.167888888)
http://www.wikidata.org/entity/Q21235242,Q21235242,1960-07-31T00:00:00Z,1,,,44.01944444,12.60944444,Point(12.60944444 44.01944444)
http://www.wikidata.org/entity/Q21608838,2015 Senegal mid-air collision,2015-09-05T00:00:00Z,7,,,13.53,-12.48,Point(-12.48 13.53)
http://www.wikidata.org/entity/Q24091473,EgyptAir Flight 804,2016-05-19T00:00:00Z,10,,,33.6757,28.7924,Point(28.7924 33.6757)
http://www.wikidata.org/entity/Q24091473,EgyptAir Flight 804,2016-05-19T00:00:00Z,56,,,33.6757,28.7924,Point(28.7924 33.6757)
http://www.wikidata.org/entity/Q24091473,EgyptAir Flight 804,2016-05-19T00:00:00Z,66,,,33.6757,28.7924,Point(28.7924 33.6757)
http://www.wikidata.org/entity/Q24233838,2011 South Africa P.166 Albatross double CFIT,,,,,-25.08333333,30.18333333,Point(30.18333333 -25.08333333)
http://www.wikidata.org/entity/Q24936962,Q24936962,1952-02-17T00:00:00Z,31,,,37.63405556,13.31486111,Point(13.31486111 37.63405556)
http://www.wikidata.org/entity/Q24941578,Q24941578,1969-12-11T00:00:00Z,,,,52.7766,18.0986,Point(18.0986 52.7766)
http://www.wikidata.org/entity/Q25380855,Air Manila Flight 702,1976-06-04T00:00:00Z,46,,,13.49166667,144.81666667,Point(144.81666667 13.49166667)
http://www.wikidata.org/entity/Q25399833,Q25399833,1976-03-24T00:00:00Z,8,,,11.31666667,42.93333333,Point(42.93333333 11.31666667)
http://www.wikidata.org/entity/Q25399834,Q25399834,1982-02-03T00:00:00Z,36,,,11.83611111,42.24861111,Point(42.24861111 11.83611111)
http://www.wikidata.org/entity/Q25399834,Q25399834,1982-02-03T00:00:00Z,36,,,11.83611111,42.24861111,Point(42.24861111 11.83611111)
http://www.wikidata.org/entity/Q25400024,Ascoli mid air collision,2014-08-19T00:00:00Z,4,,,42.85444444,13.51138889,Point(13.51138889 42.85444444)
http://www.wikidata.org/entity/Q25413045,Q25413045,1938-07-22T00:00:00Z,,,,47.55,25.883333,Point(25.883333 47.55)
http://www.wikidata.org/entity/Q28721006,Flying Tiger Line Flight 183,1962-12-14T00:00:00Z,,,,34.19833333,-118.39527778,Point(-118.39527778 34.19833333)
http://www.wikidata.org/entity/Q16662462,Q16662462,2000-10-25T00:00:00Z,,,,41.66,41.820222,Point(41.820222 41.66)
http://www.wikidata.org/entity/Q4205182,Q4205182,2012-06-11T00:00:00Z,13,,,59.48941668,60.43125001,Point(60.43125001 59.48941668)
http://www.wikidata.org/entity/Q4217215,1972 Svetlogorsk An-24 crash,1972-05-16T00:00:00Z,,,,54.94386111,20.1625,Point(20.1625 54.94386111)
http://www.wikidata.org/entity/Q4217224,Aeroflot Flight 2808,1992-08-27T00:00:00Z,84,,,56.924722222222,40.988888888889,Point(40.988888888 56.924722222)
http://www.wikidata.org/entity/Q4242619,Aeroflot Flight 6709,1978-05-19T00:00:00Z,4,,,57.77661111,35.96926667,Point(35.96926667 57.77661111)
http://www.wikidata.org/entity/Q4338183,Osoaviakhim-1,1934-01-30T00:00:00Z,,,,53.866666666667,44.366666666667,Point(44.366666666 53.866666666)
http://www.wikidata.org/entity/Q4338183,Osoaviakhim-1,1934-01-30T00:00:00Z,,,,53.866666666667,44.366666666667,Point(44.366666666 53.866666666)
http://www.wikidata.org/entity/Q30149289,2017 Myanmar Air Force Shaanxi Y-8 crash,2017-06-07T00:00:00Z,122,,,13.8,98.033333333333,Point(98.033333333 13.8)
http://www.wikidata.org/entity/Q30633576,Southwest Airlines Flight 3472,2016-08-27T00:00:00Z,0,,,30.472,-87.188,Point(-87.188 30.472)
http://www.wikidata.org/entity/Q32900831,2017 United States Marine Corps KC-130 crash,2017-07-10T00:00:00Z,16,,,33.473,-90.449,Point(-90.449 33.473)
http://www.wikidata.org/entity/Q38251992,Pan Am Clipper Panama,,,,,52.716072222222,-8.8986944444444,Point(-8.898694444 52.716072222)
http://www.wikidata.org/entity/Q41486205,Air France Flight 66,2017-09-30T00:00:00Z,0,,,61.739419444444,-46.817027777778,Point(-46.817027777 61.739419444)
http://www.wikidata.org/entity/Q42924546,TWA Flight 6 (1935),1935-05-06T00:00:00Z,5,,,39.93,-92.59,Point(-92.59 39.93)
http://www.wikidata.org/entity/Q55600184,EAS Flight 602,1989-04-10T00:00:00Z,22,,,44.918888888889,5.1844444444444,Point(5.184444444 44.918888888)
http://www.wikidata.org/entity/Q55670380,1948 Guinea Air Traders Lockheed Hudson crash,1948-04-18T00:00:00Z,,,,-6.7325,146.95972222,Point(146.95972222 -6.7325)
http://www.wikidata.org/entity/Q56098339,2018 Vankor Field Mil Mi-8 crash,2018-08-04T00:00:00Z,,,,67.75527778,83.46138889,Point(83.46138889 67.75527778)
http://www.wikidata.org/entity/Q56308427,American International Airways Flight 808,1993-08-18T00:00:00Z,0,,,19.906944444444,-75.222222222222,Point(-75.222222222 19.906944444)
http://www.wikidata.org/entity/Q56345502,Overseas National Airways Flight 032,1975-11-12T00:00:00Z,,,,40.633333333333,-73.766666666667,Point(-73.766666666 40.633333333)
http://www.wikidata.org/entity/Q59503883,Fly Jamaica Airways Flight 256,2018-11-09T00:00:00Z,1,,,6.5069722222222,-58.24575,Point(-58.24575 6.506972222)
http://www.wikidata.org/entity/Q60776046,"2017 Medford, New Jersey Schweizer 269C crash",,,,,39.92893,-74.80659,Point(-74.80659 39.92893)
http://www.wikidata.org/entity/Q60846211,2019 English Channel Piper PA-46 crash,2019-01-21T00:00:00Z,1,,,49.82,-2.71,Point(-2.71 49.82)
http://www.wikidata.org/entity/Q61846653,Atlas Air Flight 3591,2019-02-23T00:00:00Z,3,,,29.763888888889,-94.714722222222,Point(-94.714722222 29.763888888)
http://www.wikidata.org/entity/Q63456017,Miami Air Flight 293,2019-05-03T00:00:00Z,,,,30.2318,-81.6703,Point(-81.6703 30.2318)
http://www.wikidata.org/entity/Q64532497,2019 New York City helicopter crash,2019-06-10T00:00:00Z,1,,,40.761882,-73.982181,Point(-73.982181 40.761882)
http://www.wikidata.org/entity/Q70141439,Ukraine Air Alliance Flight 4050,2019-10-04T00:00:00Z,5,,,49.791388888889,23.985555555556,Point(23.985555555 49.791388888)
http://www.wikidata.org/entity/Q78552785,1983 Anchorage runway collision,1983-12-23T00:00:00Z,0,,,61.1697,-150.0062,Point(-150.0062 61.1697)
http://www.wikidata.org/entity/Q83175978,TWA Flight 5787,1969-07-26T00:00:00Z,5,,,39.453888888889,-74.571716666667,Point(-74.571716666 39.453888888)
http://www.wikidata.org/entity/Q85740912,Allegheny Airlines Flight 604,1965-07-23T00:00:00Z,,,,41.341,-76.799,Point(-76.799 41.341)
http://www.wikidata.org/entity/Q85753460,Comair Flight 206,1988-03-01T00:00:00Z,17,,,-26.21777778,28.16722222,Point(28.16722222 -26.21777778)
http://www.wikidata.org/entity/Q86684777,Q86684777,1987-10-15T00:00:00Z,,,,45.9094,9.2834,Point(9.2834 45.9094)
http://www.wikidata.org/entity/Q86733032,Evergreen International Airlines Flight 17,1989-03-18T00:00:00Z,2,,,32.910833333333,-97.4125,Point(-97.4125 32.910833333)
http://www.wikidata.org/entity/Q90500093,Alitalia Flight 1553,1999-02-25T00:00:00Z,4,,,44.4141,8.8246,Point(8.8246 44.4141)
http://www.wikidata.org/entity/Q90500337,Aeroflot Flight 9981,1996-10-08T00:00:00Z,2,,,45.22527778,7.65555556,Point(7.65555556 45.22527778)
http://www.wikidata.org/entity/Q90500563,Lufthansa Cargo Flight 8533,1999-07-07T00:00:00Z,5,,,27.68333333,85.35,Point(85.35 27.68333333)
http://www.wikidata.org/entity/Q90500563,Lufthansa Cargo Flight 8533,1999-07-07T00:00:00Z,5,,,27.68333333,85.35,Point(85.35 27.68333333)
http://www.wikidata.org/entity/Q93989720,Air Tahoma Flight 587,2008-09-01T00:00:00Z,3,,,39.798333333333,-82.979166666667,Point(-82.979166666 39.798333333)
http://www.wikidata.org/entity/Q93990392,Aeroméxico Flight 110,1981-11-08T00:00:00Z,18,,,17.653247,-100.954056,Point(-100.954056 17.653247)
http://www.wikidata.org/entity/Q97329973,Air Inter Flight 696,1972-10-27T00:00:00Z,60,,,45.836383333333,3.7258333333333,Point(3.725833333 45.836383333)
http://www.wikidata.org/entity/Q97495283,1953 Sabena Convair Crash,1953-10-14T00:00:00Z,44,,,50.061667,8.531112,Point(8.531112 50.061667)
http://www.wikidata.org/entity/Q97861115,Air Caribbean Flight 309,1978-09-26T00:00:00Z,6,,,18.44,-66.012,Point(-66.012 18.44)
http://www.wikidata.org/entity/Q101424816,West Coast Airlines Flight 703,1963-01-17T00:00:00Z,3,,,40.82222222,-112.26277778,Point(-112.26277778 40.82222222)
http://www.wikidata.org/entity/Q104776742,Ryan International Airlines Flight 590,1991-02-17T00:00:00Z,,,,41.405,-81.858333333333,Point(-81.858333333 41.405)
http://www.wikidata.org/entity/Q104776752,Icelandair Flugfélag Islands Flight Fl 704,1970-09-26T00:00:00Z,,,,62.10507,-7.589285,Point(-7.589285 62.10507)
http://www.wikidata.org/entity/Q105757603,Sabena Flight 877,2000-12-04T00:00:00Z,0,,,-3.32388889,29.31861111,Point(29.31861111 -3.32388889)
http://www.wikidata.org/entity/Q105856116,2021 Xumabee Game Ranch helicopter crash,2021-03-05T00:00:00Z,,,,-23.4393,25.7516,Point(25.7516 -23.4393)
http://www.wikidata.org/entity/Q106785141,Q106785141,,,,,33.556944,-7.660556,Point(-7.660556 33.556944)
http://www.wikidata.org/entity/Q108111717,Ameristar Charters Flight 9363,2017-03-08T00:00:00Z,0,,,42.22814,-83.54242,Point(-83.54242 42.22814)
http://www.wikidata.org/entity/Q108793584,Omega Aerial Refueling Services Flight 70,2011-05-18T00:00:00Z,0,,,34.12027778,-119.12111111,Point(-119.12111111 34.12027778)
http://www.wikidata.org/entity/Q108793584,Omega Aerial Refueling Services Flight 70,2011-05-18T00:00:00Z,0,,,34.12027778,-119.12111111,Point(-119.12111111 34.12027778)
http://www.wikidata.org/entity/Q109568547,1955 Bykovo plane accident,,,,,55.62222222,38.06388889,Point(38.06388889 55.62222222)
http://www.wikidata.org/entity/Q110386580,Q110386580,1982-07-13T00:00:00Z,,,,51.627278,20.545389,Point(20.545389 51.627278)
http://www.wikidata.org/entity/Q111938119,Turkish Airlines Flight 1019,,,,,42.586388888889,21.033888888889,Point(21.033888888 42.586388888)
http://www.wikidata.org/entity/Q122443214,Ural Airlines Flight 1383,2023-09-12T00:00:00Z,0,,,55.236388888889,79.758,Point(79.758 55.236388888)
http://www.wikidata.org/entity/Q122909101,2023 Manaus Aerotáxi Embraer Bandeirante crash,2023-09-16T00:00:00Z,,,,-0.981111,-62.919444,Point(-62.919444 -0.981111)
http://www.wikidata.org/entity/Q28110728,Q28110728,1976-03-23T00:00:00Z,,,,35.612777777778,139.66055555556,Point(139.660555555 35.612777777)
http://www.wikidata.org/entity/Q28674899,Obidowiec Air Crash,1973-05-25T00:00:00Z,,,,49.560167,20.068194,Point(20.068194 49.560167)
http://www.wikidata.org/entity/Q4355070,TWA 841 (1974),1974-09-08T00:00:00Z,89,,,38.4167,19.3667,Point(19.3667 38.4167)
http://www.wikidata.org/entity/Q4451541,Q4451541,1976-09-26T00:00:00Z,5,,,54.97677778,82.87141667,Point(82.87141667 54.97677778)
http://www.wikidata.org/entity/Q4563221,1933 Imperial Airways Ruysselede crash,1933-12-30T00:00:00Z,10,,,51.078327777778,3.3348444444444,Point(3.334844444 51.078327777)
http://www.wikidata.org/entity/Q4563370,1934 Air France Wibault 282T crash,1934-05-09T00:00:00Z,6,,,50.7819,1.145,Point(1.145 50.7819)
http://www.wikidata.org/entity/Q4563408,1934 Hillman's Airways de Havilland Dragon Rapide crash,1934-10-02T00:00:00Z,7,,,51.0269,1.23,Point(1.23 51.0269)
http://www.wikidata.org/entity/Q4565706,1946 Antarctica PBM Mariner crash,1946-12-30T00:00:00Z,,,,-72.1,-99.0,Point(-99.0 -72.1)
http://www.wikidata.org/entity/Q4565736,1946 KLM Douglas DC-3 Amsterdam accident,1946-11-14T00:00:00Z,26,,,52.308056,4.764167,Point(4.764167 52.308056)
http://www.wikidata.org/entity/Q4565993,1947 Korangi Creek crash,1947-12-27T00:00:00Z,23,,,24.791435,67.116036,Point(67.116036 24.791435)
http://www.wikidata.org/entity/Q4566258,1948 Gatow air disaster,1948-04-05T00:00:00Z,,,,52.474,13.138,Point(13.138 52.474)
http://www.wikidata.org/entity/Q4566797,1950 British Columbia B-36 crash,1950-02-13T00:00:00Z,5,,,56.0243,-128.62,Point(-128.62 56.0243)
http://www.wikidata.org/entity/Q4566930,1950 Tête de l'Obiou C-54 crash,1950-11-13T00:00:00Z,58,,,44.775277777778,5.8394444444444,Point(5.839444444 44.775277777)
http://www.wikidata.org/entity/Q4567416,1952 Bermuda air crash,1952-12-06T00:00:00Z,37,,,32.3811,-64.6136,Point(-64.6136 32.3811)
http://www.wikidata.org/entity/Q4568156,1954 Swissair Convair CV-240 crash,1954-06-19T00:00:00Z,3,,,51.0569,1.20694,Point(1.20694 51.0569)
http://www.wikidata.org/entity/Q4568779,1956 Scottish Airlines Malta air disaster,1956-02-18T00:00:00Z,50,,,35.822777777778,14.467777777778,Point(14.467777777 35.822777777)
http://www.wikidata.org/entity/Q4571991,1965 Philippine Sea A-4 incident,1965-12-05T00:00:00Z,,,,27.5533,131.322,Point(131.322 27.5533)
http://www.wikidata.org/entity/Q4573536,1969 EC-121 shootdown incident,1969-04-15T00:00:00Z,,,,41.2,131.8,Point(131.8 41.2)
http://www.wikidata.org/entity/Q4575544,EgyptAir Flight 741,1973-01-29T00:00:00Z,,,,35.327222222222,33.216944444444,Point(33.216944444 35.327222222)
http://www.wikidata.org/entity/Q4577674,1977 Israeli Air Force Sikorsky CH-53 Sea Stallion crash,1977-05-10T00:00:00Z,54,,,31.932133,35.436487,Point(35.436487 31.932133)
http://www.wikidata.org/entity/Q4577873,1977 Yokohama F-4 crash,1977-09-27T00:00:00Z,,,,35.56,139.545,Point(139.545 35.56)
http://www.wikidata.org/entity/Q4578076,1978 British Army Gazelle downing,1978-02-17T00:00:00Z,,,,54.0862,-6.36642,Point(-6.36642 54.0862)
http://www.wikidata.org/entity/Q4579750,1981 Bristow Helicopters Westland Wessex crash,1981-08-13T00:00:00Z,13,,,52.9333,1.76667,Point(1.76667 52.9333)
http://www.wikidata.org/entity/Q4580942,1983 British Airways Sikorsky S-61 crash,1983-07-16T00:00:00Z,20,,,49.9233,-6.24833,Point(-6.24833 49.9233)
http://www.wikidata.org/entity/Q4581131,1983 Negev mid-air collision,1983-05-01T00:00:00Z,0,,,30.846666666667,34.847777777778,Point(34.847777777 30.846666666)
http://www.wikidata.org/entity/Q4584351,1988 British International Helicopters Sikorsky S-61N crash,1988-07-13T00:00:00Z,,,,60.283333333333,-0.73333333333333,Point(-0.733333333 60.283333333)
http://www.wikidata.org/entity/Q4589262,1994 British Army Lynx shootdown,1994-03-20T00:00:00Z,,,,54.076,-6.60889,Point(-6.60889 54.076)
http://www.wikidata.org/entity/Q4589707,1994 Mull of Kintyre Chinook crash,1994-06-02T00:00:00Z,29,,,55.3135624,-5.7949568,Point(-5.7949568 55.3135624)
http://www.wikidata.org/entity/Q4590181,1995 Antonov An-70 prototype crash,1995-02-10T00:00:00Z,7,,,50.744,29.922,Point(29.922 50.744)
http://www.wikidata.org/entity/Q4599679,2002 Africa One Antonov An-26 crash,2002-07-26T00:00:00Z,,,,-4.3858,15.4446,Point(15.4446 -4.3858)
http://www.wikidata.org/entity/Q4606803,2006 People's Liberation Army Air Force KJ-200 crash,2006-06-03T00:00:00Z,,,,30.776425,119.275249,Point(119.275249 30.776425)
http://www.wikidata.org/entity/Q4614055,2009 Iranian Air Force Il-76MD Adnan 2 accident,2009-09-22T00:00:00Z,,,,35.4291,51.5422,Point(51.5422 35.4291)
http://www.wikidata.org/entity/Q4614576,2009 Pakistan Army Mil Mi-17 crash,2009-07-03T00:00:00Z,41,,,34.0931,71.1458,Point(71.1458 34.0931)
http://www.wikidata.org/entity/Q4614576,2009 Pakistan Army Mil Mi-17 crash,2009-07-03T00:00:00Z,41,,,34.0931,71.1458,Point(71.1458 34.0931)
http://www.wikidata.org/entity/Q4620729,2011 Chilean Air Force CASA 212 crash,2011-09-02T00:00:00Z,21,,,-33.675,-78.8963,Point(-78.8963 -33.675)
http://www.wikidata.org/entity/Q4688260,Aeroflot Flight 217,1972-10-13T00:00:00Z,174,,,56.08055556,37.41,Point(37.41 56.08055556)
http://www.wikidata.org/entity/Q4688263,Aeroflot Flight 3932,1973-09-30T00:00:00Z,108,,,56.71138889,60.64472222,Point(60.64472222 56.71138889)
http://www.wikidata.org/entity/Q4688264,Aeroflot Flight 418,1976-06-01T00:00:00Z,46,,,3.5,8.7,Point(8.7 3.5)
http://www.wikidata.org/entity/Q4688264,Aeroflot Flight 418,1976-06-01T00:00:00Z,46,,,3.5,8.7,Point(8.7 3.5)
http://www.wikidata.org/entity/Q4688264,Aeroflot Flight 418,1976-06-01T00:00:00Z,46,,,3.5,8.7,Point(8.7 3.5)
http://www.wikidata.org/entity/Q4688264,Aeroflot Flight 418,1976-06-01T00:00:00Z,46,,,3.5,8.7,Point(8.7 3.5)
http://www.wikidata.org/entity/Q4688266,Aeroflot Flight 964,1973-10-13T00:00:00Z,122,,,55.49771667,37.66392778,Point(37.66392778 55.49771667)
http://www.wikidata.org/entity/Q4698170,Air Rhodesia Flight 827,1979-02-12T00:00:00Z,59,,,-16.41666667,29.43333333,Point(29.43333333 -16.41666667)
http://www.wikidata.org/entity/Q4698253,Air Vietnam Flight 706 hijacking,1974-09-15T00:00:00Z,75,,,11.63333333,108.95,Point(108.95 11.63333333)
http://www.wikidata.org/entity/Q4742943,American Airlines Flight 28,1942-10-23T00:00:00Z,,,,33.8667,-116.567,Point(-116.567 33.8667)
http://www.wikidata.org/entity/Q4749663,"An-24 incident at Gambell, Alaska",1974-02-27T00:00:00Z,,,,63.784,-171.747,Point(-171.747 63.784)
http://www.wikidata.org/entity/Q4832380,Azerbaijan Airlines Flight 217,2005-12-23T00:00:00Z,23,,,40.55611111,50.00555556,Point(50.00555556 40.55611111)
http://www.wikidata.org/entity/Q4835218,BCPA Flight 304,1953-10-29T00:00:00Z,,,,37.405701,-122.325119,Point(-122.325119 37.405701)
http://www.wikidata.org/entity/Q5008496,CAAC Flight 301,1988-08-31T00:00:00Z,7,,,22.3287,114.194,Point(114.194 22.3287)
http://www.wikidata.org/entity/Q5025276,Cambrian Airways Liverpool crash,1965-07-20T00:00:00Z,,,,53.336333333333,-2.8485833333333,Point(-2.848583333 53.336333333)
http://www.wikidata.org/entity/Q5099564,China Airlines Flight 204,1989-10-26T00:00:00Z,54,,,24.069585,121.490593,Point(121.490593 24.069585)
http://www.wikidata.org/entity/Q5099566,China Airlines Flight 206,1970-08-12T00:00:00Z,14,,,25.09079,121.537125,Point(121.537125 25.09079)
http://www.wikidata.org/entity/Q5099569,China Airlines Flight 605,1993-11-04T00:00:00Z,0,,,22.3183,114.198,Point(114.198 22.3183)
http://www.wikidata.org/entity/Q5099664,China Eastern Airlines Flight 583,1993-04-06T00:00:00Z,2,,,30.0,172.0,Point(172.0 30.0)
http://www.wikidata.org/entity/Q5165300,Continental Micronesia Flight 614,1980-11-21T00:00:00Z,,,,9.496,138.074,Point(138.074 9.496)
http://www.wikidata.org/entity/Q5213023,Dan-Air Flight 1008,1980-04-25T00:00:00Z,146,,,28.398055555556,-16.418055555556,Point(-16.418055555 28.398055555)
http://www.wikidata.org/entity/Q5283989,Divi Divi Air Flight 014,2009-10-22T00:00:00Z,1,,,12.24193333,-68.54705556,Point(-68.54705556 12.24193333)
http://www.wikidata.org/entity/Q5288383,1957 Cebu Douglas C-47 crash,1957-03-17T00:00:00Z,,,,10.451666666667,123.81472222222,Point(123.814722222 10.451666666)
http://www.wikidata.org/entity/Q5463546,Flying Tiger Line Flight 739,1962-03-16T00:00:00Z,107,,,14.0,135.0,Point(135.0 14.0)
http://www.wikidata.org/entity/Q5656105,Spantax Flight 275,1972-12-03T00:00:00Z,155,,,28.26861111,-16.60555556,Point(-16.60555556 28.26861111)
http://www.wikidata.org/entity/Q5684126,Havørn Accident,1936-06-16T00:00:00Z,7,,,61.1569,5.1639,Point(5.1639 61.1569)
http://www.wikidata.org/entity/Q5684126,Havørn Accident,1936-06-16T00:00:00Z,7,,,61.1569,5.1639,Point(5.1639 61.1569)
http://www.wikidata.org/entity/Q5684258,Hawaii Clipper,1938-07-29T00:00:00Z,,,,12.27,130.4,Point(130.4 12.27)
http://www.wikidata.org/entity/Q5940948,Braathens SAFE Flight 253,1956-11-07T00:00:00Z,2,,,62.404,11.281,Point(11.281 62.404)
http://www.wikidata.org/entity/Q6057129,Talia Airways Flight 2H79,1988-02-27T00:00:00Z,15,,,35.295,33.572,Point(33.572 35.295)
http://www.wikidata.org/entity/Q6107732,JAT Airways Flight 769,1973-09-11T00:00:00Z,41,,,42.862222222222,19.380555555556,Point(19.380555555 42.862222222)
http://www.wikidata.org/entity/Q6143782,Pan Am Flight 202,1952-04-29T00:00:00Z,50,,,-9.75198,-50.7842,Point(-50.7842 -9.75198)
http://www.wikidata.org/entity/Q6449781,Kvitbjørn disaster,1947-08-28T00:00:00Z,35,,,68.43305556,15.99527778,Point(15.99527778 68.43305556)
http://www.wikidata.org/entity/Q6499993,Q6499993,2009-10-31T00:00:00Z,,,,52.409149,23.311941,Point(23.311941 52.409149)
http://www.wikidata.org/entity/Q6499997,Aeroflot Flight 7502,1979-01-15T00:00:00Z,,,,53.89916667,27.46527778,Point(27.46527778 53.89916667)
http://www.wikidata.org/entity/Q6500030,Aeroflot Flight 7841,1985-02-01T00:00:00Z,58,,,53.87911389,28.19506944,Point(28.19506944 53.87911389)
http://www.wikidata.org/entity/Q6745203,Malév Flight 262,2000-07-04T00:00:00Z,0,,,40.519722222222,22.970833333333,Point(22.970833333 40.519722222)
http://www.wikidata.org/entity/Q7060143,Northwest Orient Airlines Flight 293,1963-06-03T00:00:00Z,101,,,54.2138,-133.857,Point(-133.857 54.2138)
http://www.wikidata.org/entity/Q7129563,Pan Am Flight 151,1951-06-22T00:00:00Z,40,,,6.9775,-10.0258,Point(-10.0258 6.9775)
http://www.wikidata.org/entity/Q7129566,Pan Am Flight 292,1965-09-17T00:00:00Z,30,,,16.7111,-62.1772,Point(-62.1772 16.7111)
http://www.wikidata.org/entity/Q7129567,Pan Am Flight 526A,1952-04-11T00:00:00Z,52,,,18.53499985,-66.25138855,Point(-66.25138855 18.53499985)
http://www.wikidata.org/entity/Q7129569,Pan Am Flight 6,1956-10-16T00:00:00Z,0,,,30.025,-140.15,Point(-140.15 30.025)
http://www.wikidata.org/entity/Q7129574,Pan Am Flight 845/26,1955-03-26T00:00:00Z,4,,,43.80416667,-125.21111111,Point(-125.21111111 43.80416667)
http://www.wikidata.org/entity/Q7129575,Pan Am Flight 830,1982-08-11T00:00:00Z,1,,,23.5095,160.5728,Point(160.5728 23.5095)
http://www.wikidata.org/entity/Q7129577,Pan Am Flight 816,1973-07-22T00:00:00Z,78,,,-17.53333333,-149.56666667,Point(-149.56666667 -17.53333333)
http://www.wikidata.org/entity/Q7129577,Pan Am Flight 816,1973-07-22T00:00:00Z,78,,,-17.53333333,-149.56666667,Point(-149.56666667 -17.53333333)
http://www.wikidata.org/entity/Q7243720,Prinair Flight 191,1972-06-24T00:00:00Z,5,,,18.006111111111,-66.560277777778,Point(-66.560277777 18.006111111)
http://www.wikidata.org/entity/Q7427170,Saudia Flight 162,1980-12-22T00:00:00Z,2,,,24.25,50.55,Point(50.55 24.25)
http://www.wikidata.org/entity/Q7565425,South African Airways Flight 228,1968-04-20T00:00:00Z,123,,,-22.449444444444,17.533888888889,Point(17.533888888 -22.449444444)
http://www.wikidata.org/entity/Q7709097,Thai Airways International Flight 601,1967-06-30T00:00:00Z,24,,,22.302,114.217,Point(114.217 22.302)
http://www.wikidata.org/entity/Q7832616,Tragedy at Kufra,1942-05-04T00:00:00Z,,,,24.18333333,23.28333333,Point(23.28333333 24.18333333)
http://www.wikidata.org/entity/Q7862037,Táchira helicopter crash,2009-05-03T00:00:00Z,18,,,7.76667,-72.2333,Point(-72.2333 7.76667)
http://www.wikidata.org/entity/Q7888388,United Nations Flight 544,2012-12-21T00:00:00Z,4,,,7.049,33.0043,Point(33.0043 7.049)
http://www.wikidata.org/entity/Q8065493,2010 Tarco Airlines Antonov An-24 crash,2010-11-11T00:00:00Z,2,,,12.944444444444,23.563055555556,Point(23.563055555 12.944444444)
http://www.wikidata.org/entity/Q8065493,2010 Tarco Airlines Antonov An-24 crash,2010-11-11T00:00:00Z,2,,,12.944444444444,23.563055555556,Point(23.563055555 12.944444444)
http://www.wikidata.org/entity/Q10356050,1939 Pan Am Sikorsky S-43 crash,1939-08-13T00:00:00Z,14,,,-22.89405278,-43.16431389,Point(-43.16431389 -22.89405278)
http://www.wikidata.org/entity/Q10748098,Cougar Helicopters Flight 91,2009-03-12T00:00:00Z,17,,,47.43472222,-51.94944444,Point(-51.94944444 47.43472222)
http://www.wikidata.org/entity/Q10823726,Q10823726,2009-03-19T00:00:00Z,,,,-0.200278,-78.4789,Point(-78.4789 -0.200278)
http://www.wikidata.org/entity/Q10860425,Iran Air Flight 742,2011-10-18T00:00:00Z,0,,,35.68916667,51.31361111,Point(51.31361111 35.68916667)
http://www.wikidata.org/entity/Q11616908,BOAC Flight 783,1953-05-02T00:00:00Z,43,,,22.788577,88.082081,Point(88.082081 22.788577)
http://www.wikidata.org/entity/Q11737139,Tajik National Guard helicopter crash,2010-10-06T00:00:00Z,28,,,38.7258,70.4189,Point(70.4189 38.7258)
http://www.wikidata.org/entity/Q11737139,Tajik National Guard helicopter crash,2010-10-06T00:00:00Z,28,,,38.7258,70.4189,Point(70.4189 38.7258)
http://www.wikidata.org/entity/Q11737152,Q11737152,2007-05-06T00:00:00Z,,,,29.65,34.3,Point(34.3 29.65)
http://www.wikidata.org/entity/Q11737152,Q11737152,2007-05-06T00:00:00Z,,,,29.65,34.3,Point(34.3 29.65)
http://www.wikidata.org/entity/Q11737190,Q11737190,2009-08-30T00:00:00Z,,,,51.3886,21.2108,Point(21.2108 51.3886)
http://www.wikidata.org/entity/Q11737190,Q11737190,2009-08-30T00:00:00Z,,,,51.3886,21.2108,Point(21.2108 51.3886)
http://www.wikidata.org/entity/Q11737191,Q11737191,1998-02-14T00:00:00Z,,,,53.75,21.7167,Point(21.7167 53.75)
